City_ID,City,Country,Lat,lng,Max Temp,Humidity,Cloudiness,wind Speed,Description
0,Oranjemund,NA,-28.55,16.4333,60.44,86,52,14.81,broken clouds
1,Mount Isa,AU,-20.7333,139.5,92.97,22,42,5.75,scattered clouds
2,Inuvik,CA,68.3499,-133.7218,-1.34,78,20,5.75,few clouds
3,Punta Arenas,CL,-53.15,-70.9167,42.91,81,75,9.22,broken clouds
4,Klaksvik,FO,62.2266,-6.589,45.52,93,68,22.86,broken clouds
5,Geraldton,AU,-28.7667,114.6,75.61,41,0,16.11,clear sky
6,Hermanus,ZA,-34.4187,19.2345,55.8,74,100,6.2,overcast clouds
7,Busselton,AU,-33.65,115.3333,73.44,41,2,12.5,clear sky
8,Katsuura,JP,35.1333,140.3,66.22,55,5,25.46,clear sky
9,Longyearbyen,SJ,78.2186,15.6401,12.04,62,75,9.22,broken clouds
10,Sao Raimundo Nonato,BR,-9.0153,-42.6994,71.55,78,45,1.5,scattered clouds
11,Lompoc,US,34.6391,-120.4579,54.59,85,100,8.99,overcast clouds
12,Butaritari,KI,3.0707,172.7902,81.81,80,89,17.11,light rain
13,Carnarvon,AU,-24.8667,113.6333,75.06,53,3,11.79,clear sky
14,Krasnoye-Na-Volge,RU,57.5125,41.2419,39.97,53,1,7.99,clear sky
15,Pinega,RU,64.7001,43.3936,32.04,96,62,7.81,broken clouds
16,Victoria,HK,22.2855,114.1577,72.25,75,100,1.99,overcast clouds
17,Saint George,US,37.1041,-113.5841,59.59,35,0,3.44,clear sky
18,Boende,CD,-0.2167,20.8667,73.65,92,50,1.9,light rain
19,Batagay,RU,67.6333,134.6333,10.31,73,75,9.64,broken clouds
20,Dumas,US,35.8656,-101.9732,49.53,23,0,10.36,clear sky
21,Castro,BR,-24.7911,-50.0119,59.94,98,100,5.61,overcast clouds
22,Vardo,NO,70.3705,31.1107,35.58,87,100,21.85,overcast clouds
23,Vaini,TO,-21.2,-175.2,82.56,89,40,9.22,light rain
24,Mar Del Plata,AR,-38.0023,-57.5575,61.09,55,0,7.0,clear sky
25,Ojinaga,MX,29.5667,-104.4167,59.95,67,0,5.75,clear sky
26,Port Elizabeth,ZA,-33.918,25.5701,65.32,96,40,5.75,light rain
27,Albany,US,42.6001,-73.9662,33.4,61,99,11.01,overcast clouds
28,Seymchan,RU,62.8833,152.4333,16.07,80,86,2.19,overcast clouds
29,Itacare,BR,-14.2775,-38.9967,72.37,94,55,4.81,broken clouds
30,Barrow,US,71.2906,-156.7887,-7.58,71,0,10.36,clear sky
31,Hobart,AU,-42.8794,147.3294,55.06,62,75,21.85,broken clouds
32,Dingle,PH,10.9995,122.6711,86.49,61,71,14.63,broken clouds
33,Matara,LK,5.9485,80.5353,89.19,53,55,5.77,moderate rain
34,Kincardine,GB,56.0667,-3.7167,45.91,91,76,2.77,broken clouds
35,Atuona,PF,-9.8,-139.0333,81.28,75,60,18.75,broken clouds
36,Mahebourg,MU,-20.4081,57.7,84.25,78,75,11.5,broken clouds
37,Bixby,US,35.942,-95.8833,54.55,59,0,1.01,clear sky
38,Beroroha,MG,-21.6667,45.1667,78.28,75,99,3.6,overcast clouds
39,Viseu,PT,40.661,-7.9097,52.3,56,80,4.16,broken clouds
40,Port Lincoln,AU,-34.7333,135.8667,62.83,63,39,16.24,scattered clouds
41,Ushuaia,AR,-54.8,-68.3,37.06,75,20,3.44,light rain
42,Mataura,NZ,-46.1927,168.8643,52.88,77,2,2.35,clear sky
43,Clarence Town,AU,-32.5833,151.7833,76.95,49,7,11.03,clear sky
44,Maniitsoq,GL,65.4167,-52.9,27.9,67,95,15.05,overcast clouds
45,Urucui,BR,-7.2294,-44.5561,73.0,86,83,0.74,broken clouds
46,Tura,IN,25.5198,90.2201,91.18,19,1,4.43,clear sky
47,Atkarsk,RU,51.8718,45.0078,44.47,63,54,12.59,broken clouds
48,Bluff,NZ,-46.6,168.3333,55.22,72,0,6.15,clear sky
49,Avarua,CK,-21.2078,-159.775,78.85,89,20,11.5,few clouds
50,Rikitea,PF,-23.1203,-134.9692,76.68,66,33,14.58,scattered clouds
51,Faanui,PF,-16.4833,-151.75,83.39,77,71,22.77,light rain
52,Taltal,CL,-25.4,-70.4833,65.66,85,44,1.88,scattered clouds
53,Port Alfred,ZA,-33.5906,26.891,67.6,75,19,1.77,light rain
54,Nikolskoye,RU,59.7035,30.7861,38.8,83,25,3.0,scattered clouds
55,Skjervoy,NO,70.0311,20.9714,35.6,87,100,9.17,overcast clouds
56,Hervey Bay,AU,-25.2986,152.8535,84.29,41,0,13.15,clear sky
57,Taft,IR,31.7471,54.2088,64.35,15,20,9.22,few clouds
58,Belmonte,BR,-15.8631,-38.8828,75.51,85,13,1.14,few clouds
59,Puerto Ayacucho,VE,5.6639,-67.6236,75.67,84,99,3.58,heavy intensity rain
60,Buraydah,SA,26.326,43.975,68.45,34,81,4.83,broken clouds
61,Pevek,RU,69.7008,170.3133,-10.88,95,61,0.85,broken clouds
62,Aligudarz,IR,33.4006,49.6949,54.68,25,0,4.14,clear sky
63,Victor Harbor,AU,-35.5667,138.6167,60.67,61,82,16.78,broken clouds
64,Hilo,US,19.7297,-155.09,73.13,86,75,3.44,light rain
65,Evensk,RU,61.95,159.2333,11.07,90,28,0.92,scattered clouds
66,Nyurba,RU,63.2842,118.3319,8.19,81,57,11.9,light snow
67,Ostrovnoy,RU,68.0531,39.5131,35.13,83,87,21.54,overcast clouds
68,Sambava,MG,-14.2667,50.1667,81.63,71,27,8.99,scattered clouds
69,Pontianak,ID,-0.0333,109.3333,89.58,55,40,11.5,scattered clouds
70,Saskylakh,RU,71.9167,114.0833,-0.85,91,100,15.26,overcast clouds
71,Fort Dix,US,40.0298,-74.6185,45.66,44,0,5.75,clear sky
72,Ponta Do Sol,PT,32.6667,-17.1,64.0,65,65,2.91,broken clouds
73,Izumo,JP,35.3667,132.7667,57.15,44,40,25.32,scattered clouds
74,Florianopolis,BR,-27.6146,-48.5012,66.42,100,100,4.61,overcast clouds
75,Cape Town,ZA,-33.9258,18.4232,59.41,78,75,11.5,broken clouds
76,Palmer,US,42.1584,-72.3287,38.75,50,0,13.8,clear sky
77,San Vicente,AR,-26.6167,-54.1333,58.68,100,28,2.01,scattered clouds
78,Sao Filipe,CV,14.8961,-24.4956,71.17,78,100,9.86,overcast clouds
79,Norman Wells,CA,65.282,-126.8329,19.44,63,75,13.8,broken clouds
80,Tuktoyaktuk,CA,69.4541,-133.0374,-4.0,77,20,13.8,few clouds
81,Acapulco,MX,16.8634,-99.8901,78.62,78,0,4.61,clear sky
82,Svetlogorsk,BY,52.6333,29.7333,46.29,94,100,4.63,overcast clouds
83,Dikson,RU,73.5069,80.5464,-18.26,85,5,8.25,clear sky
84,Lorengau,PG,-2.0226,147.2712,83.62,72,85,10.13,moderate rain
85,Martapura,ID,-3.4167,114.85,89.69,62,40,11.5,scattered clouds
86,Codrington,AU,-38.2667,141.9667,56.77,70,100,22.41,overcast clouds
87,Dunedin,NZ,-45.8742,170.5036,53.74,78,17,16.84,few clouds
88,Bambous Virieux,MU,-20.3428,57.7575,84.22,78,75,11.5,broken clouds
89,Cherskiy,RU,68.75,161.3,1.96,94,87,4.9,overcast clouds
90,Yumen,CN,40.2833,97.2,62.46,7,2,26.98,clear sky
91,Aklavik,CA,68.2191,-135.0107,-9.74,100,99,3.62,overcast clouds
92,Namalenga,TZ,-10.95,39.1,74.05,93,91,2.55,overcast clouds
93,Saint-Philippe,RE,-21.3585,55.7679,83.79,79,58,7.99,light rain
94,Kodiak,US,57.79,-152.4072,29.71,86,100,0.0,light snow
95,Mpwapwa,TZ,-6.35,36.4833,71.89,79,17,4.45,few clouds
96,Chokurdakh,RU,70.6333,147.9167,1.78,93,34,6.58,scattered clouds
97,Lagoa,PT,39.05,-27.9833,55.53,55,11,10.83,few clouds
98,Ribeira Grande,PT,38.5167,-28.7,51.78,73,25,7.0,scattered clouds
99,Coahuayana,MX,18.7333,-103.6833,69.4,81,0,3.67,clear sky
100,Kostino,RU,58.9097,53.2691,37.69,53,87,5.1,overcast clouds
101,Puerto Ayora,EC,-0.7393,-90.3518,76.55,89,100,2.04,overcast clouds
102,Praia Da Vitoria,PT,38.7333,-27.0667,50.25,87,20,7.58,few clouds
103,Saldanha,ZA,-33.0117,17.9442,57.25,79,82,17.72,broken clouds
104,Nhulunbuy,AU,-12.2333,136.7667,79.41,89,75,5.75,light rain
105,Katangli,RU,51.7102,143.2326,29.21,90,100,13.85,overcast clouds
106,Jamestown,US,42.097,-79.2353,35.19,85,0,5.75,clear sky
107,Mandalgovi,MN,45.7625,106.2708,51.85,13,65,22.37,broken clouds
108,Serpa,PT,37.9458,-7.5975,48.16,63,4,3.24,clear sky
109,Comodoro Rivadavia,AR,-45.8667,-67.5,60.66,25,0,3.44,clear sky
110,Paddhari,IN,22.4333,70.6,92.17,25,34,6.62,scattered clouds
111,Leningradskiy,RU,69.3833,178.4167,-8.54,96,100,8.93,overcast clouds
112,Aden,YE,12.7794,45.0367,82.54,76,58,20.0,broken clouds
113,Okhotsk,RU,59.3833,143.3,21.29,64,10,5.23,clear sky
114,Srednekolymsk,RU,67.45,153.6833,16.2,86,96,7.05,overcast clouds
115,Ankara,TR,39.9199,32.8543,43.21,85,0,1.14,clear sky
116,Eskil,TR,38.4017,33.4131,44.55,67,41,1.92,scattered clouds
117,Sarankhola,BD,22.3082,89.7897,99.3,16,0,5.48,clear sky
118,Porto Novo,BJ,6.4965,2.6036,82.22,84,84,5.7,broken clouds
119,Clyde River,CA,70.4692,-68.5914,-12.77,77,0,13.8,clear sky
120,Indramayu,ID,-6.3264,108.32,84.31,68,72,8.48,broken clouds
121,Saint-Francois,FR,46.4154,3.9054,29.64,100,100,0.0,fog
122,Arraial Do Cabo,BR,-22.9661,-42.0278,73.63,88,100,9.13,overcast clouds
123,Muros,ES,42.7762,-9.0603,54.99,66,100,5.59,overcast clouds
124,Ancud,CL,-41.8697,-73.8203,46.72,90,87,3.62,overcast clouds
125,Lavrentiya,RU,65.5833,-171.0,-10.07,89,94,6.73,overcast clouds
126,Bredasdorp,ZA,-34.5322,20.0403,58.5,68,100,1.81,overcast clouds
127,Iquitos,PE,-3.7481,-73.2472,75.24,94,20,0.0,light rain
128,Cullera,ES,39.1667,-0.25,60.85,61,15,1.99,few clouds
129,Los Llanos De Aridane,ES,28.6585,-17.9182,56.95,63,40,8.05,scattered clouds
130,Hami,CN,42.8,93.45,63.68,8,10,2.93,clear sky
131,Kilgore,US,32.3863,-94.8758,52.52,93,100,8.05,overcast clouds
132,Nome,US,64.5011,-165.4064,-7.53,77,0,0.0,clear sky
133,Inirida,CO,3.8653,-67.9239,74.64,97,100,2.08,overcast clouds
134,Hofn,IS,64.2539,-15.2082,44.28,97,100,6.89,light rain
135,Bethel,US,41.3712,-73.414,39.88,50,0,6.91,clear sky
136,Nanortalik,GL,60.1432,-45.2371,28.18,95,100,2.82,overcast clouds
137,Tasiilaq,GL,65.6145,-37.6368,32.16,94,99,41.05,snow
138,Yellowknife,CA,62.456,-114.3525,34.32,80,75,11.5,broken clouds
139,Vestmannaeyjar,IS,63.4427,-20.2734,46.09,81,100,28.01,overcast clouds
140,East London,ZA,-33.0153,27.9116,65.34,77,40,9.22,scattered clouds
141,Currais Novos,BR,-6.2608,-36.5178,71.53,94,80,3.42,broken clouds
142,Placido De Castro,BR,-10.3353,-67.1856,71.62,100,97,1.39,light rain
143,Buala,SB,-8.145,159.5921,84.18,74,91,5.21,light rain
144,Guilin,CN,25.2819,110.2864,73.51,42,25,6.4,scattered clouds
145,San Rafael,AR,-34.6177,-68.3301,66.63,56,49,2.55,scattered clouds
146,Bac Lieu,VN,9.285,105.7244,89.76,55,55,16.75,broken clouds
147,Waingapu,ID,-9.6567,120.2641,82.53,74,100,4.65,moderate rain
148,Bambanglipuro,ID,-7.95,110.2833,84.63,65,78,9.37,broken clouds
149,Severo-Kurilsk,RU,50.6789,156.125,34.65,97,100,19.53,snow
150,Kapaa,US,22.0752,-159.319,76.98,86,100,12.66,light rain
151,Baikunthpur,IN,23.25,82.55,93.51,12,100,4.56,overcast clouds
152,Satun,TH,6.8333,100.0,93.2,41,30,1.81,scattered clouds
153,Boyolangu,ID,-8.1181,111.8935,85.68,61,66,8.57,broken clouds
154,Tignere,CM,7.3667,12.65,73.74,55,76,2.64,broken clouds
155,Paamiut,GL,61.994,-49.6678,29.17,67,95,5.88,overcast clouds
156,Chuy,UY,-33.6971,-53.4616,60.03,86,5,0.72,clear sky
157,Pokhara,NP,28.2333,83.9833,84.45,19,26,8.21,scattered clouds
158,Dawlatabad,AF,36.4141,64.9053,85.19,16,61,2.59,broken clouds
159,Torbay,CA,47.6666,-52.7314,32.58,79,40,31.07,scattered clouds
160,Kaitangata,NZ,-46.2817,169.8464,59.94,72,3,13.02,clear sky
161,Santa Maria,BR,-29.6842,-53.8069,63.07,89,97,6.26,overcast clouds
162,Kurilsk,RU,45.2333,147.8833,33.94,97,100,6.87,snow
163,Port Hedland,AU,-20.3167,118.5667,93.25,59,26,12.66,scattered clouds
164,Kahului,US,20.8947,-156.47,74.84,74,0,19.57,clear sky
165,Freeport,US,40.6576,-73.5832,44.02,42,75,12.66,broken clouds
166,North Bend,US,43.4065,-124.2243,48.11,87,100,6.91,overcast clouds
167,Russell,US,32.3502,-85.1999,60.03,77,100,11.5,light intensity drizzle
168,Te Anau,NZ,-45.4167,167.7167,53.24,72,6,1.54,clear sky
169,Osnabruck,DE,52.2667,8.05,41.56,82,82,4.54,broken clouds
170,Hobyo,SO,5.3505,48.5268,84.38,58,47,14.74,scattered clouds
171,Tomatlan,MX,19.9333,-105.25,66.15,76,0,2.53,clear sky
172,Renfrew,GB,55.872,-4.3925,42.48,97,35,2.3,scattered clouds
173,Faya,SA,18.3851,42.4509,64.92,55,37,2.98,scattered clouds
174,Ust-Kulom,RU,61.6864,53.6902,33.08,82,83,7.74,broken clouds
175,Lesozavodsk,RU,45.4794,133.4244,44.08,18,0,8.99,clear sky
176,Upernavik,GL,72.7868,-56.1549,-21.82,98,60,13.73,broken clouds
177,Itoman,JP,26.1247,127.6694,70.57,50,40,26.46,scattered clouds
178,Shizuishan,CN,39.2333,106.7694,60.26,20,2,8.03,clear sky
179,Inhambane,MZ,-23.865,35.3833,75.18,88,20,5.01,few clouds
180,Mareeba,AU,-17.0,145.4333,90.45,61,100,0.89,overcast clouds
181,Sungurlare,BG,42.7667,26.7833,42.17,68,92,3.22,overcast clouds
182,Klaeng,TH,12.7797,101.6483,98.35,50,90,9.28,overcast clouds
183,Kawalu,ID,-7.3817,108.2082,85.8,58,89,4.68,overcast clouds
184,Grand Gaube,MU,-20.0064,57.6608,84.38,69,18,5.99,few clouds
185,Flin Flon,CA,54.7682,-101.865,24.46,90,7,10.69,clear sky
186,Jieshi,CN,22.8134,115.8257,68.72,68,71,18.99,broken clouds
187,Limbang,MY,4.75,115.0,87.91,55,68,6.55,broken clouds
188,Yining,CN,29.0361,114.5636,71.46,41,23,2.28,few clouds
189,Sainte-Marie,RE,-20.8968,55.5496,86.13,72,57,13.8,broken clouds
190,Barira,PH,7.4872,124.2992,80.98,67,68,4.25,broken clouds
191,Ilulissat,GL,69.2167,-51.1,21.22,63,75,27.63,broken clouds
192,Asau,RO,46.4333,26.4,33.28,84,86,1.12,overcast clouds
193,Pekalongan,ID,-6.8886,109.6753,89.01,72,81,5.7,broken clouds
194,Yulara,AU,-25.2406,130.9889,85.91,19,7,8.5,clear sky
195,Ulagan,RU,50.6321,87.9563,38.98,83,100,4.27,overcast clouds
196,Vila Velha,BR,-20.3297,-40.2925,78.75,92,75,3.44,broken clouds
197,Iqaluit,CA,63.7506,-68.5145,-13.27,70,20,19.57,few clouds
198,Westonaria,ZA,-26.3191,27.6486,63.09,41,0,3.58,clear sky
199,Namibe,AO,-15.1961,12.1522,75.79,78,98,5.03,overcast clouds
200,Livingston,GB,55.9029,-3.5226,45.21,96,40,3.44,scattered clouds
201,Talnakh,RU,69.4865,88.3972,-16.8,83,40,3.67,scattered clouds
202,Lander,US,42.833,-108.7307,29.98,67,0,5.75,clear sky
203,Cabo San Lucas,MX,22.8909,-109.9124,70.52,51,8,10.65,clear sky
204,Ahuimanu,US,21.4447,-157.8378,74.91,81,100,8.05,overcast clouds
205,San Isidro,PE,-12.1167,-77.05,77.02,83,40,10.36,scattered clouds
206,Aldan,RU,58.6031,125.3894,32.18,80,100,14.27,overcast clouds
207,Mahenge,TZ,-8.6833,36.7167,67.28,92,72,1.77,light rain
208,San Ramon,US,37.7799,-121.978,53.82,85,100,5.75,overcast clouds
209,Tiksi,RU,71.6872,128.8694,6.19,78,46,21.5,scattered clouds
210,Kaliua,TZ,-5.0606,31.7936,69.24,86,18,5.84,few clouds
211,Sur,OM,22.5667,59.5289,81.75,57,46,8.81,scattered clouds
212,Georgetown,MY,5.4112,100.3354,89.53,74,20,10.36,few clouds
213,Namatanai,PG,-3.6667,152.4333,82.45,74,94,2.91,moderate rain
214,Agadir,MA,30.4202,-9.5982,61.25,84,46,7.99,scattered clouds
215,Stade,DE,53.6,9.4833,41.41,94,95,7.45,overcast clouds
216,Kalevala,RU,65.2,31.1667,32.5,89,77,7.38,broken clouds
217,Lamar,US,33.6668,-95.5836,58.35,60,100,8.05,overcast clouds
218,Port Blair,IN,11.6667,92.75,89.64,58,40,9.22,scattered clouds
219,Yerbogachen,RU,61.2767,108.0108,0.34,81,99,17.2,overcast clouds
220,Bengkulu,ID,-3.8004,102.2655,84.67,67,29,8.9,scattered clouds
221,Manokwari,ID,-0.8667,134.0833,81.68,76,100,4.92,overcast clouds
222,Anadyr,RU,64.75,177.4833,-1.7,78,20,2.24,few clouds
223,Qasigiannguit,GL,68.8193,-51.1922,21.45,92,100,3.58,overcast clouds
224,Sabha,LY,27.0377,14.4283,67.17,29,50,3.98,scattered clouds
225,Zhangye,CN,38.9342,100.4517,61.11,9,4,5.95,clear sky
226,Tual,ID,-5.6667,132.75,83.08,73,97,18.34,overcast clouds
227,Labuhan,ID,-6.8844,112.2051,86.61,63,93,3.87,overcast clouds
228,Barranca,PE,-10.75,-77.7667,76.26,79,82,6.04,broken clouds
229,Sinnamary,GF,5.3833,-52.95,75.4,76,24,8.08,few clouds
230,Qaanaaq,GL,77.484,-69.3632,-19.98,65,0,7.27,clear sky
231,Hasaki,JP,35.7333,140.8333,59.4,72,44,21.12,scattered clouds
232,Jimbolia,RO,45.7914,20.7172,42.15,80,55,5.39,broken clouds
233,Aberdeen,GB,57.1437,-2.0981,45.09,91,100,10.36,overcast clouds
234,Bathsheba,BB,13.2167,-59.5167,77.61,83,75,17.27,light intensity shower rain
235,Kandrian,PG,-6.2167,149.55,82.33,81,100,1.43,light rain
236,Hithadhoo,MV,-0.6,73.0833,82.65,62,32,3.02,scattered clouds
237,Luderitz,NA,-26.6481,15.1594,61.07,83,5,20.07,clear sky
238,Guangyuan,CN,32.442,105.823,61.54,64,89,9.13,overcast clouds
239,La Palma,US,33.8464,-118.0467,60.96,77,0,6.91,clear sky
240,Atikokan,CA,48.7555,-91.6216,18.01,99,47,2.19,scattered clouds
241,Tiarei,PF,-17.5333,-149.3333,82.42,75,99,24.45,overcast clouds
242,Ambilobe,MG,-13.2,49.05,81.48,74,89,3.62,overcast clouds
243,Blythe,US,33.6103,-114.5964,66.58,16,8,5.28,clear sky
244,Half Moon Bay,US,37.4636,-122.4286,55.31,88,20,6.91,few clouds
245,Ghanzi,BW,-21.5667,21.7833,70.3,46,60,9.15,broken clouds
246,Sobolevo,RU,54.4299,31.8996,46.65,69,100,7.94,overcast clouds
247,Lasa,IT,46.6166,10.7002,41.88,90,72,5.66,broken clouds
248,Huambo,AO,-12.7761,15.7392,58.8,94,100,2.3,overcast clouds
249,Orapa,BW,-21.2833,25.3667,72.48,37,4,9.55,clear sky
250,Cidreira,BR,-30.1811,-50.2056,69.53,75,99,10.02,overcast clouds
251,Goderich,CA,43.7501,-81.7165,24.91,86,2,2.3,clear sky
252,San Patricio,US,28.017,-97.5169,58.87,96,100,9.78,overcast clouds
253,Khatanga,RU,71.9667,102.5,-0.69,89,100,13.4,overcast clouds
254,Adrar,MR,20.5022,-10.0711,75.18,23,100,5.99,overcast clouds
255,Morehead,US,37.2711,-87.1764,47.98,54,0,3.44,clear sky
256,Altamont,US,42.2068,-121.7372,42.64,76,100,3.0,overcast clouds
257,Kununurra,AU,-15.7667,128.7333,94.98,49,40,8.05,scattered clouds
258,Pangnirtung,CA,66.1451,-65.7125,-13.04,80,24,5.68,few clouds
259,Lebu,CL,-37.6167,-73.65,51.84,90,92,11.16,overcast clouds
260,Taruma,BR,-22.7467,-50.5772,66.36,97,100,5.64,overcast clouds
261,Marawi,PH,7.9986,124.2928,77.38,72,83,7.67,broken clouds
262,Richards Bay,ZA,-28.783,32.0377,74.8,81,45,10.36,scattered clouds
263,Hay River,CA,60.8156,-115.7999,42.78,61,75,10.36,broken clouds
264,Vostok,RU,46.4856,135.8833,36.82,31,3,8.37,clear sky
265,Chandrapur,IN,19.95,79.3,76.28,70,100,6.91,overcast clouds
266,Ouesso,CG,1.6136,16.0517,73.63,90,40,3.33,scattered clouds
267,Provost,CA,52.3501,-110.2683,34.25,84,91,13.91,overcast clouds
268,Sitka,US,57.0531,-135.33,37.29,75,40,3.44,scattered clouds
269,Ibra,OM,22.6906,58.5334,81.14,32,54,3.69,broken clouds
270,Kavieng,PG,-2.5744,150.7967,77.95,90,100,9.51,moderate rain
271,Denpasar,ID,-8.65,115.2167,87.46,84,20,12.66,few clouds
272,Kristiinankaupunki,FI,62.2743,21.376,33.8,82,46,1.36,scattered clouds
273,Fuerte Olimpo,PY,-21.0415,-57.8738,67.69,97,100,4.16,overcast clouds
274,Thompson,CA,55.7435,-97.8558,26.76,59,20,8.05,few clouds
275,Mogadishu,SO,2.0371,45.3438,85.87,74,40,9.22,scattered clouds
276,Deputatskiy,RU,69.3,139.9,-2.13,94,100,4.97,overcast clouds
277,Oromocto,CA,45.8351,-66.4792,26.53,39,0,21.85,clear sky
278,West Wendover,US,40.7391,-114.0733,45.61,61,100,0.0,overcast clouds
279,Banjarmasin,ID,-3.3244,114.591,89.74,67,93,3.29,overcast clouds
280,Barcelos,PT,41.5388,-8.6151,55.85,57,96,3.4,overcast clouds
281,Udala,ES,43.0778,-2.5125,48.81,75,66,2.39,broken clouds
282,Del Rio,US,29.3627,-100.8968,60.91,85,100,3.44,overcast clouds
283,Ewa Beach,US,21.3156,-158.0072,75.15,78,75,8.05,broken clouds
284,Shelburne,CA,44.0787,-80.2041,25.25,81,0,3.69,clear sky
285,Sangin,AF,32.0728,64.8359,77.86,15,0,1.14,clear sky
286,Cananea,MX,30.95,-110.3,49.53,27,11,2.73,few clouds
287,Misratah,LY,32.3754,15.0925,59.65,70,100,14.38,overcast clouds
288,Waipawa,NZ,-41.4122,175.5153,51.58,73,100,8.55,overcast clouds
289,Provideniya,RU,64.3833,-173.3,-10.79,92,17,4.65,few clouds
290,Altay,CN,47.8667,88.1167,41.95,78,100,5.66,overcast clouds
291,Teguldet,RU,57.3064,88.1667,21.31,52,42,8.14,scattered clouds
292,Ormara,PK,25.2088,64.6357,78.6,51,0,6.55,clear sky
293,Huarmey,PE,-10.0681,-78.1522,77.68,79,100,5.7,overcast clouds
294,Wagar,SD,16.1525,36.2032,80.58,52,26,10.22,scattered clouds
295,Marzuq,YE,14.4,46.4667,76.96,43,76,6.76,broken clouds
296,Ust-Nera,RU,64.5667,143.2,9.63,80,88,3.15,overcast clouds
297,Airai,TL,-8.9266,125.4092,64.6,84,100,2.84,overcast clouds
298,Sechura,PE,-5.5569,-80.8222,79.88,77,20,4.63,few clouds
299,Mount Pleasant,US,32.7941,-79.8626,57.18,90,100,12.66,mist
300,Cherat,PK,33.8233,71.8915,69.73,28,0,3.51,clear sky
301,Darhan,MN,49.4867,105.9228,60.76,12,31,5.44,scattered clouds
302,Kidal,ML,18.4411,1.4078,74.44,17,65,9.75,broken clouds
303,Kurchum,KZ,48.5722,83.6542,41.74,58,99,20.83,overcast clouds
304,Pacific Grove,US,36.6177,-121.9166,54.01,85,100,1.01,overcast clouds
305,Ito,JP,34.9667,139.0833,65.14,47,16,3.0,few clouds
306,Esperance,AU,-33.8667,121.9,59.13,88,100,9.28,light rain
307,Port Said,EG,31.2565,32.2841,60.78,94,0,9.22,clear sky
308,Severnyy,RU,50.677,36.5532,48.24,61,0,8.99,clear sky
309,Vaxjo,SE,56.8777,14.8091,36.25,99,100,9.22,overcast clouds
310,Darnah,LY,32.767,22.6367,57.02,73,100,6.76,overcast clouds
311,Maicao,CO,11.3832,-72.2432,78.15,74,92,8.28,overcast clouds
312,Singkawang,ID,0.9,109.0,87.13,58,57,7.63,broken clouds
313,Salalah,OM,17.0151,54.0924,84.29,70,75,5.75,broken clouds
314,Black River,JM,18.0264,-77.8487,71.83,84,2,4.21,clear sky
315,Iaciara,BR,-14.0958,-46.6317,70.07,86,91,2.77,overcast clouds
316,Beringovskiy,RU,63.05,179.3167,4.75,87,95,0.4,overcast clouds
317,Vestmanna,FO,62.1564,-7.1664,43.72,81,75,23.02,broken clouds
318,Fallon,US,39.4735,-118.7774,49.87,44,75,3.44,broken clouds
319,Waw,SS,7.7029,27.9953,88.36,29,62,0.38,broken clouds
320,Kenitra,MA,34.261,-6.5802,59.76,72,2,5.57,clear sky
321,Upata,VE,8.0086,-62.3989,73.18,80,100,7.38,overcast clouds
322,Nokaneng,BW,-19.6667,22.2667,70.97,37,37,7.18,scattered clouds
323,Astoria,US,46.1879,-123.8313,48.09,77,100,9.22,overcast clouds
324,Hualmay,PE,-11.0964,-77.6139,76.57,79,78,7.16,broken clouds
325,Coquimbo,CL,-29.9533,-71.3436,61.34,87,1,3.31,clear sky
326,High Level,CA,58.5169,-117.136,44.71,57,0,8.05,clear sky
327,Prince Albert,CA,53.2001,-105.7677,26.55,80,0,14.97,clear sky
328,Dalvik,IS,65.9702,-18.5286,44.53,89,96,7.52,overcast clouds
329,Qaqortoq,GL,60.7167,-46.0333,26.65,93,90,4.21,overcast clouds
330,Broome,US,42.2506,-75.833,31.86,69,0,4.61,clear sky
331,Quatre Cocos,MU,-20.2078,57.7625,85.08,72,39,10.09,scattered clouds
332,Ternate,ID,0.8,127.4,82.45,79,100,14.34,overcast clouds
333,Okakarara,NA,-20.5833,17.4333,68.43,44,61,1.21,broken clouds
334,Lata,PT,40.1629,-8.3327,47.07,64,84,3.11,broken clouds
335,Vanavara,RU,60.34,102.2797,5.72,73,95,15.12,overcast clouds
336,Milkovo,RU,54.7167,158.6167,31.53,85,100,2.8,light snow
337,Olovyannaya,RU,50.95,115.5667,58.46,21,3,9.13,clear sky
338,Jalu,LY,29.0331,21.5482,63.57,48,100,20.76,overcast clouds
339,Guane,CU,22.2025,-84.0875,70.95,71,37,8.23,scattered clouds
340,Mayachnyy,RU,52.6839,55.685,34.95,33,0,12.68,clear sky
341,Tsukumi,JP,33.0706,131.8572,58.48,35,1,20.47,clear sky
342,Hurghada,EG,27.2574,33.8129,71.64,13,0,6.91,clear sky
343,Wichita Falls,US,33.9137,-98.4934,59.14,63,100,10.36,overcast clouds
344,Senanga,ZM,-16.1167,23.2667,70.45,56,75,6.67,broken clouds
345,Caravelas,BR,-17.7125,-39.2481,73.65,91,20,3.29,few clouds
346,Mana,GF,5.6592,-53.7767,74.84,86,38,7.58,scattered clouds
347,Bartica,GY,6.4,-58.6167,73.72,96,91,1.28,overcast clouds
348,Seydi,TM,39.4816,62.9137,78.64,26,46,2.93,scattered clouds
349,Synya,RU,65.3718,58.0387,33.55,100,100,7.94,overcast clouds
350,Toma,BF,12.7667,-2.8833,83.44,46,84,4.97,light rain
351,Antofagasta,CL,-23.65,-70.4,65.48,88,16,2.24,few clouds
352,Hakkari,TR,37.5833,44.1667,47.98,49,40,23.02,scattered clouds
353,Bloemfontein,ZA,-29.1211,26.214,53.08,87,41,1.14,light rain
354,Gornyy,RU,55.1153,83.9059,17.64,67,50,7.81,scattered clouds
355,Utete,TZ,-7.986,38.758,78.78,88,47,1.03,light rain
356,Nabire,ID,-3.3667,135.4833,85.64,64,92,4.18,overcast clouds
357,Pakxe,LA,15.1167,105.7833,102.18,27,34,3.94,scattered clouds
358,Glenwood Springs,US,39.5505,-107.3248,43.72,66,79,9.22,broken clouds
359,Talcahuano,CL,-36.7167,-73.1167,53.28,94,0,9.22,clear sky
360,Tzucacab,MX,20.0667,-89.05,70.59,89,2,3.36,clear sky
361,Zhanaozen,KZ,43.3,52.8,57.27,64,12,4.12,few clouds
362,San Joaquin,US,37.9333,-121.3011,55.65,85,0,4.61,clear sky
363,Zemio,CF,5.0314,25.1361,82.99,52,77,2.19,broken clouds
364,Tuljapur,IN,18.0,76.0833,84.63,41,94,11.5,overcast clouds
365,Uruzgan,AF,32.8333,66.0,65.95,22,0,0.09,clear sky
366,Aushiger,RU,43.3961,43.7317,46.78,76,100,4.47,light intensity shower rain
367,Crestview,US,30.7621,-86.5705,74.48,93,20,4.61,light intensity drizzle
368,Mehamn,NO,71.0357,27.8492,37.35,93,100,21.85,light rain
369,Sao Joao Da Barra,BR,-21.6403,-41.0511,73.58,95,100,9.06,overcast clouds
370,Bay Roberts,CA,47.5999,-53.2648,33.33,74,37,10.0,scattered clouds
371,Koumac,NC,-20.5667,164.2833,78.6,67,2,7.2,clear sky
372,Portland,US,45.5234,-122.6762,47.68,87,40,4.0,scattered clouds
373,Talaya,RU,61.3833,152.75,16.7,78,7,3.38,clear sky
374,Sijunjung,ID,-0.6876,100.9537,88.83,51,80,3.65,broken clouds
375,Vao,NC,-22.6667,167.4833,77.14,73,6,10.51,clear sky
376,San Felipe,VE,10.3399,-68.7425,70.18,97,99,2.37,overcast clouds
377,Golaghat,IN,26.5167,93.9667,87.82,38,2,4.54,clear sky
378,Morrope,PE,-6.5417,-80.0111,78.91,73,91,4.85,overcast clouds
379,Sakakah,SA,29.9697,40.2064,71.17,26,0,11.27,clear sky
380,Huadian,CN,42.9633,126.7478,50.04,17,43,13.85,scattered clouds
381,Northam,GB,51.0333,-4.2167,46.62,77,82,9.04,broken clouds
382,Tezu,IN,27.9167,96.1667,91.71,21,9,4.61,clear sky
383,Coihaique,CL,-45.5752,-72.0662,39.15,87,0,4.61,clear sky
384,Outlook,CA,51.5001,-107.0513,25.23,87,13,18.99,few clouds
385,Pangody,RU,65.85,74.4859,5.14,88,96,19.53,overcast clouds
386,Uvalde,US,29.3669,-99.767,56.12,93,100,0.0,overcast clouds
387,Sibolga,ID,1.7427,98.7792,87.26,57,83,5.7,broken clouds
388,Samrala,IN,30.8367,76.1897,88.86,16,0,7.83,clear sky
389,Hare Bay,CA,48.8499,-54.0148,31.35,83,42,12.57,scattered clouds
390,Klamath Falls,US,42.2249,-121.7817,42.71,76,100,1.99,overcast clouds
391,Narsaq,GL,60.9167,-46.05,32.22,87,79,4.07,broken clouds
392,Sorland,NO,67.667,12.6934,39.06,90,100,18.05,overcast clouds
393,Nemuro,JP,43.3236,145.575,36.7,97,100,7.09,overcast clouds
394,Visby,SE,57.6409,18.296,36.03,93,15,6.91,few clouds
395,New Norfolk,AU,-42.7826,147.0587,53.71,64,88,4.0,overcast clouds
396,San Ramon De La Nueva Oran,AR,-23.1322,-64.326,67.42,86,97,2.01,overcast clouds
397,Koundara,GN,12.4833,-13.3,74.05,60,39,4.5,scattered clouds
398,Margate,GB,51.3813,1.3862,41.7,92,5,10.29,clear sky
399,Muisne,EC,0.6,-80.0333,77.85,84,97,1.83,overcast clouds
400,Kongolo,CD,-5.3833,27.0,72.34,91,52,3.29,broken clouds
401,Sandakan,MY,5.8402,118.1179,89.28,66,40,10.36,scattered clouds
402,Groa,NO,62.65,8.7167,36.3,63,34,4.25,scattered clouds
403,Port Hardy,CA,50.6996,-127.4199,46.4,76,75,20.71,light rain
404,Olafsvik,IS,64.8945,-23.7142,42.94,84,65,30.47,light rain
405,Santa Pola,ES,38.1917,-0.5658,55.65,60,0,8.05,clear sky
406,Nkowakowa,ZA,-23.8878,30.2871,79.12,35,0,3.49,clear sky
407,Horconcitos,PA,8.4682,-81.8007,67.33,79,96,5.59,overcast clouds
408,Alofi,NU,-19.0595,-169.9187,80.49,78,40,6.91,scattered clouds
409,Houma,US,29.5958,-90.7195,71.6,94,75,4.61,broken clouds
410,Villarrica,PY,-25.75,-56.4333,63.05,88,2,3.83,clear sky
411,Souillac,MU,-20.5167,57.5167,82.78,78,75,11.5,broken clouds
412,Umm Kaddadah,SD,13.6017,26.6876,81.99,8,88,16.22,overcast clouds
413,Yichang,CN,30.7144,111.2847,73.83,25,47,8.19,scattered clouds
414,Verkhnyaya Inta,RU,65.9811,60.3094,32.79,100,100,17.34,light snow
415,Chumikan,RU,54.7183,135.315,26.44,74,100,8.79,overcast clouds
416,Nampula,MZ,-15.1165,39.2666,73.35,94,75,2.3,mist
417,Capacuaro,MX,19.55,-102.05,50.2,35,0,1.72,clear sky
418,Karakol,KG,42.4907,78.3936,49.64,54,58,6.76,broken clouds
419,Kristiansund,NO,63.1115,7.732,41.65,65,100,2.3,overcast clouds
420,Coos Bay,US,43.3665,-124.2179,48.18,87,100,6.91,overcast clouds
421,Viedma,AR,-40.8135,-62.9967,58.08,80,98,6.89,moderate rain
422,Gilbues,BR,-9.8317,-45.3439,73.13,65,45,1.48,scattered clouds
423,Caceres,ES,39.522,-6.3748,48.33,48,24,3.29,few clouds
424,Terney,RU,45.0503,136.6092,42.96,49,60,4.18,broken clouds
425,Vanderhoof,CA,54.0166,-124.0198,31.41,97,97,3.27,overcast clouds
426,Dalaoig,PH,17.933,121.7155,79.07,74,99,15.39,overcast clouds
427,Fethiye,TR,36.6217,29.1164,49.87,50,96,1.52,overcast clouds
428,Nouadhibou,MR,20.931,-17.0347,62.33,85,71,16.44,broken clouds
429,Ayutla,MX,20.1167,-104.3333,57.09,71,0,2.06,clear sky
430,Itarema,BR,-2.9248,-39.9167,75.0,92,65,5.77,broken clouds
431,Valparaiso,CL,-33.0393,-71.6273,53.24,100,75,5.21,mist
432,North Battleford,CA,52.7834,-108.2847,30.4,86,0,26.46,clear sky
433,Goksun,TR,38.021,36.4973,35.69,93,11,5.39,few clouds
434,Guarapari,BR,-20.6667,-40.4975,76.89,93,52,4.81,broken clouds
435,Saint-Georges,GD,12.0564,-61.7485,78.48,78,40,23.02,scattered clouds
436,Ulladulla,AU,-35.35,150.4667,70.77,53,82,7.54,broken clouds
437,Coffs Harbour,AU,-30.3,153.1333,80.56,34,0,12.66,clear sky
438,Chadan,RU,51.2833,91.5833,50.4,37,100,7.56,overcast clouds
439,Elko,US,41.0002,-115.5012,41.02,80,100,1.99,overcast clouds
440,Petropavlovsk-Kamchatskiy,RU,53.0452,158.6483,30.79,100,100,4.47,shower snow
441,Hatillo,PR,18.4863,-66.8254,72.39,95,91,1.01,overcast clouds
442,Komsomolskiy,UZ,40.4272,71.7189,66.92,39,100,2.3,overcast clouds
443,Bulnes,CL,-36.7423,-72.2985,50.56,51,69,6.55,broken clouds
444,The Valley,AI,18.217,-63.0578,77.09,76,100,21.07,overcast clouds
445,Novobiryusinskiy,RU,56.9578,97.7076,18.82,53,9,6.76,clear sky
446,Amapa,BR,1.0,-52.0,67.73,96,70,2.28,broken clouds
447,Christchurch,NZ,-43.5333,172.6333,53.94,62,100,13.8,overcast clouds
448,Wabana,CA,47.6332,-52.9481,32.38,79,40,31.07,scattered clouds
449,Ranong,TH,9.9658,98.6348,93.13,49,40,2.95,scattered clouds
450,Vanimo,PG,-2.6741,141.3028,79.48,89,98,2.86,overcast clouds
451,Pascagoula,US,30.3658,-88.5561,70.52,96,20,0.0,light rain
452,Ampanihy,MG,-24.7,44.75,79.38,67,68,4.9,broken clouds
453,Chirongui,YT,-12.9319,45.1483,85.93,70,90,3.85,overcast clouds
454,Goya,AR,-29.14,-59.2626,61.7,78,1,4.47,clear sky
455,Chuguyevka,RU,44.1653,133.8633,38.62,26,36,11.16,scattered clouds
456,Chernyshevskiy,RU,63.0128,112.4714,-4.11,86,100,14.94,overcast clouds
457,Sawakin,SD,19.1059,37.3321,79.65,56,3,7.96,clear sky
458,Gat,IL,31.61,34.7642,73.4,100,27,5.35,scattered clouds
459,Malanville,BJ,11.8685,3.3899,85.32,23,50,6.8,scattered clouds
460,Xuddur,SO,4.1213,43.8894,81.97,60,54,17.09,broken clouds
461,Curanilahue,CL,-37.4667,-73.35,50.29,58,88,3.13,overcast clouds
462,Torit,SS,4.4133,32.5678,85.86,43,13,2.26,few clouds
463,Davila,PH,18.4726,120.5763,91.38,78,77,26.89,broken clouds
464,Kropotkin,RU,45.4375,40.5756,54.63,74,100,1.99,overcast clouds
465,Chicama,PE,-7.8447,-79.1469,77.54,75,100,2.8,overcast clouds
466,Kayes,ML,14.0,-11.0,81.86,18,21,4.74,few clouds
467,Samarai,PG,-10.6167,150.6667,82.0,79,100,6.96,moderate rain
468,Karwar,IN,14.8,74.1333,90.09,50,4,7.27,clear sky
469,Sassandra,CI,4.95,-6.0833,76.21,93,70,4.97,light rain
470,Palmas,BR,-10.2128,-48.3603,75.07,100,75,4.61,broken clouds
471,Hoquiam,US,46.9809,-123.8893,48.18,78,100,8.05,overcast clouds
472,Potsdam,DE,52.3989,13.0657,43.09,96,100,6.67,overcast clouds
473,Meulaboh,ID,4.1363,96.1285,83.62,66,100,2.17,overcast clouds
474,College,US,64.8569,-147.8028,17.55,44,20,6.91,few clouds
475,Anloga,GH,5.7947,0.8973,82.09,80,100,11.74,overcast clouds
476,Mackay,AU,-21.15,149.2,94.68,76,9,10.74,clear sky
477,Halifax,CA,44.6453,-63.5724,32.22,51,100,11.01,overcast clouds
478,Takoradi,GH,4.8845,-1.7554,78.91,87,100,5.97,overcast clouds
479,Assiniboia,CA,49.6334,-105.9845,28.22,86,10,13.8,clear sky
480,Harlingen,US,26.1906,-97.6961,59.2,99,100,9.22,overcast clouds
481,Qatana,SY,33.4354,36.0815,52.23,17,2,4.76,clear sky
482,Monrovia,LR,6.3005,-10.7969,76.77,84,73,5.35,broken clouds
483,Mpika,ZM,-11.8343,31.4529,63.7,94,93,5.08,overcast clouds
484,Jertih,MY,5.7336,102.4897,95.07,58,65,8.39,broken clouds
485,Nuuk,GL,64.1835,-51.7216,27.21,86,75,13.8,broken clouds
486,La Ronge,CA,55.1001,-105.2842,30.45,69,0,14.97,clear sky
487,Mabaruma,GY,8.2,-59.7833,73.18,80,98,4.47,overcast clouds
488,Gravdal,NO,68.1214,13.5031,39.61,89,99,12.66,overcast clouds
489,Rio Cuarto,AR,-33.1307,-64.3499,66.67,88,0,10.36,clear sky
490,Piet Retief,ZA,-27.0071,30.8132,63.32,47,0,2.15,clear sky
491,Pavlovsk,RU,50.4578,40.1081,49.57,61,100,10.98,overcast clouds
492,Fortuna,US,40.5982,-124.1573,48.54,91,100,4.12,overcast clouds
493,Yeniseysk,RU,58.4497,92.1703,18.91,54,95,9.1,overcast clouds
494,Xiamen,CN,24.4798,118.0819,69.85,49,20,13.42,few clouds
495,Yaan,NG,7.3833,8.5667,80.94,72,100,9.01,overcast clouds
496,Waddan,LY,29.1614,16.139,61.7,48,45,7.78,scattered clouds
497,Maningrida,AU,-12.0667,134.2667,79.74,84,89,9.86,overcast clouds
498,Vung Tau,VN,10.346,107.0843,86.32,62,38,18.12,scattered clouds
499,Putyatino,RU,54.16,41.1169,45.09,60,14,8.97,few clouds
500,Tabou,CI,4.423,-7.3528,77.81,89,88,5.55,overcast clouds
501,Guerrero Negro,MX,27.9769,-114.0611,56.95,78,0,12.64,clear sky
502,San Juan,AR,-31.5375,-68.5364,73.49,50,11,9.82,few clouds
503,Ugoofaaru,MV,5.6667,73.0,83.21,72,20,9.42,few clouds
504,Suntar,RU,62.1444,117.6319,9.9,72,67,12.57,broken clouds
505,San Carlos De Bariloche,AR,-41.1456,-71.3082,45.45,55,0,6.91,clear sky
506,Dibulla,CO,11.2725,-73.3091,74.59,89,99,3.47,light rain
507,Hagere Selam,ET,6.4833,38.5167,56.73,73,56,6.02,broken clouds
508,Avera,US,33.194,-82.5271,50.05,88,100,14.83,overcast clouds
509,Boa Vista,BR,2.8197,-60.6733,76.98,61,0,3.44,clear sky
510,Niksic,ME,42.7731,18.9445,31.86,83,100,1.41,overcast clouds
511,Okha,RU,53.5739,142.9478,29.05,80,100,19.62,overcast clouds
512,Serra Talhada,BR,-7.9919,-38.2983,71.78,82,68,3.74,broken clouds
513,Tuatapere,NZ,-46.1333,167.6833,53.06,77,0,2.55,clear sky
514,Shitkino,RU,56.3703,98.3543,21.07,53,29,7.11,scattered clouds
515,Bubaque,GW,11.2833,-15.8333,77.14,66,69,14.79,broken clouds
516,Dubrovka,RU,53.6907,33.5071,45.81,63,98,8.66,overcast clouds
517,Kamaishi,JP,39.2667,141.8833,50.7,82,100,1.12,light rain
518,Wana,PK,32.2989,69.5725,69.26,26,0,4.61,clear sky
519,Den Helder,NL,52.9599,4.7593,40.98,89,21,13.0,few clouds
520,Tongren,CN,27.7172,109.1853,68.16,40,56,5.01,broken clouds
521,Pisco,PE,-13.7,-76.2167,75.25,83,49,6.91,scattered clouds
522,Fara In Sabina,IT,42.2089,12.7292,44.37,92,100,1.01,moderate rain
523,Trat,TH,12.5,102.5,97.0,47,41,5.64,scattered clouds
524,Chadiza,ZM,-14.0678,32.4392,67.8,86,32,3.71,scattered clouds
525,Dalby,AU,-27.1833,151.2667,78.28,24,0,21.21,clear sky
526,Limburg,NL,51.25,6.0,46.98,91,100,3.13,overcast clouds
527,Byron Bay,AU,-28.65,153.6167,79.72,37,0,11.86,clear sky
528,Hohhot,CN,40.8106,111.6522,52.92,29,0,11.18,clear sky
529,Cabra,ES,37.4725,-4.4421,50.76,39,2,5.12,clear sky
530,Fort Nelson,CA,58.8053,-122.7002,44.19,77,75,16.11,light rain
531,Nazca,PE,-14.8333,-74.95,72.03,77,78,2.46,broken clouds
532,Troitskoye,RU,52.9821,84.6757,26.58,47,100,10.22,overcast clouds
533,Honningsvag,NO,70.9821,25.9704,38.95,81,100,19.57,light rain
534,Conakry,GN,9.538,-13.6773,78.87,94,0,4.61,clear sky
535,Vermilion,US,40.1667,-87.7506,44.56,66,0,4.61,clear sky
536,Palu,ID,-0.8917,119.8707,86.63,66,68,5.84,broken clouds
537,Gizo,SB,-8.103,156.8419,84.27,68,83,4.7,light rain
538,Chingirlau,KZ,51.095,54.0814,37.74,54,78,19.04,broken clouds
539,Berlevag,NO,70.8578,29.0864,37.4,87,100,21.85,overcast clouds
540,Pilar,BR,-9.5972,-35.9567,75.13,95,99,2.06,overcast clouds
541,Ahipara,NZ,-35.1667,173.1667,62.17,74,92,6.29,overcast clouds
542,Kijang,KR,35.2442,129.2139,62.33,25,3,14.25,clear sky
543,Pithoragarh,IN,29.5833,80.2167,75.67,22,12,3.65,few clouds
544,Sitrah,BH,26.1547,50.6206,77.95,55,0,6.91,clear sky
545,Kuah,MY,6.3265,99.8432,91.38,62,20,6.91,few clouds
546,Emerald,AU,-23.5333,148.1667,90.34,26,0,15.43,clear sky
547,Kemise,ET,10.7167,39.8667,73.71,56,94,1.25,overcast clouds
548,Matagami,CA,49.7502,-77.6328,1.51,71,0,3.44,clear sky
549,Dayong,CN,25.0209,118.2898,67.14,58,67,8.57,broken clouds
550,Gamba,GA,-2.65,10.0,78.03,88,99,4.12,overcast clouds
551,Masuguru,TZ,-11.3667,38.4167,75.24,92,96,2.13,overcast clouds
552,Shache,CN,38.4167,77.2406,67.57,10,0,4.65,clear sky
553,Montague,US,42.5356,-72.5351,37.54,57,100,3.71,overcast clouds
554,La Asuncion,VE,11.0333,-63.8628,75.22,90,100,17.58,overcast clouds
555,Zakamensk,RU,50.3741,103.2863,53.91,19,81,12.71,broken clouds
556,Yuanping,CN,38.7153,112.7575,57.56,15,80,5.57,broken clouds
557,Brownsville,US,25.9018,-97.4975,58.98,98,100,8.05,moderate rain
558,Laguna,US,38.421,-121.4238,56.17,78,0,8.05,clear sky
559,Ilek,RU,51.5271,53.3831,40.08,50,10,17.96,clear sky
560,Kruisfontein,ZA,-34.0033,24.7314,61.88,84,100,9.44,light rain
561,Leh,IN,34.1667,77.5833,28.78,51,2,2.39,clear sky
562,Birnin Kebbi,NG,12.4539,4.1975,85.66,21,74,6.22,broken clouds
563,Umm Lajj,SA,25.0213,37.2685,86.76,38,0,11.16,clear sky
564,Mongoumba,CF,3.6415,18.5936,76.93,70,85,0.83,overcast clouds
565,Micheweni,TZ,-4.9667,39.8333,84.11,69,95,5.64,light rain
566,Sept-Iles,CA,50.2001,-66.3821,21.2,53,20,14.97,few clouds
567,White Oak,US,39.2131,-84.5994,44.55,67,0,9.22,clear sky
568,Olivenza,ES,38.6832,-7.103,45.32,60,8,2.71,clear sky
569,Binzhou,CN,37.3667,118.0167,66.99,17,12,11.88,few clouds
570,Izhma,RU,65.0083,53.9113,33.89,100,100,7.34,overcast clouds
571,Kabare,CD,-2.4683,28.8242,66.54,89,13,2.42,few clouds
572,Kibre Mengist,ET,5.8833,38.9833,70.14,62,25,4.79,scattered clouds
573,Mount Gambier,AU,-37.8333,140.7667,58.6,62,98,13.6,overcast clouds
574,Yar-Sale,RU,66.8333,70.8333,3.36,89,80,15.77,broken clouds
575,Awbari,LY,26.5921,12.7805,67.78,26,21,8.12,few clouds
576,Kuala Pilah,MY,2.7389,102.2487,88.59,70,47,3.42,scattered clouds
577,Zalantun,CN,48.0,122.7167,58.84,14,7,14.23,clear sky
578,Wenling,CN,28.3669,121.36,58.3,58,9,13.4,clear sky
579,Marathon,US,44.9,-89.7668,34.84,91,100,8.05,light snow
580,San Pedro De Ycuamandiyu,PY,-24.0917,-57.0764,64.27,93,1,2.33,clear sky
581,Sioux Lookout,CA,50.1001,-91.917,17.67,93,0,2.3,clear sky
582,Remontnoye,RU,46.5614,43.6501,57.74,58,85,13.2,overcast clouds
583,Rocha,UY,-34.4833,-54.3333,56.1,89,0,2.26,clear sky
584,Bandarbeyla,SO,9.4942,50.8122,81.57,70,79,7.54,broken clouds
585,Urengoy,RU,65.9667,78.3667,5.09,87,100,20.36,overcast clouds
586,Loreto,MX,22.2667,-101.9667,60.15,49,79,5.48,broken clouds
587,Mapiripan,CO,2.8892,-72.1256,72.48,95,95,3.47,overcast clouds
588,Rio Gallegos,AR,-51.6226,-69.2181,41.05,75,0,11.5,clear sky
589,Williams Lake,CA,52.1415,-122.1445,44.17,45,0,11.5,clear sky
590,Buta,CD,2.7858,24.73,71.89,94,94,1.19,overcast clouds
591,Bayir,TR,37.2687,28.2167,41.52,65,100,1.88,overcast clouds
592,Yamada,JP,39.4667,141.95,50.04,84,100,3.67,light rain
593,Purranque,CL,-40.9167,-73.1667,39.27,99,55,2.53,broken clouds
594,Isangel,VU,-19.55,169.2667,80.47,77,36,0.85,scattered clouds
595,Pangoa,PE,-12.1167,-73.0,66.54,99,100,0.87,overcast clouds
596,Banjar,ID,-8.19,114.9675,87.31,60,98,2.42,overcast clouds
597,Mbuyapey,PY,-26.2,-56.75,62.2,88,3,3.33,clear sky
598,Cayenne,GF,4.9333,-52.3333,69.84,100,20,0.0,few clouds
599,West Bay,KY,19.3667,-81.4167,79.0,76,9,1.01,clear sky
600,Hauterive,FR,46.0901,3.4459,30.96,93,7,0.83,clear sky
601,Tiverton,GB,50.9,-3.4833,44.06,93,20,3.44,few clouds
602,Kiama,AU,-34.6833,150.8667,75.38,52,50,13.0,scattered clouds
603,Panzhihua,CN,26.5851,101.7128,85.35,18,0,3.94,clear sky
604,Makakilo City,US,21.3469,-158.0858,73.0,85,100,0.0,overcast clouds
605,Saryagash,KZ,41.4511,69.1701,73.36,45,100,13.82,overcast clouds
606,Heihe,CN,50.2441,127.4902,48.78,17,0,2.91,clear sky
607,Moussoro,TD,13.6408,16.4901,85.93,12,70,4.81,broken clouds
608,Tautira,PF,-17.7333,-149.15,84.04,73,100,22.21,overcast clouds
609,Jodhpur,IN,26.2867,73.03,92.59,10,4,10.04,clear sky
610,Poum,NC,-20.2333,164.0167,78.17,64,2,5.77,clear sky
611,Puerto Baquerizo Moreno,EC,-0.9,-89.6,79.11,79,100,2.57,overcast clouds
612,Vertientes,CU,21.2594,-78.1464,69.51,86,1,5.75,clear sky
613,Frankfort,ZA,-27.2667,28.4833,64.96,41,2,2.98,clear sky
614,Culebra,PR,18.303,-65.301,78.89,84,75,13.0,broken clouds
615,Punta Cardon,VE,11.6581,-70.215,77.2,82,88,20.98,overcast clouds
616,Kota Bahru,MY,6.1333,102.2386,95.14,66,20,11.5,few clouds
617,Lucera,IT,41.5082,15.3351,48.06,87,0,3.44,clear sky
618,Pouebo,NC,-20.4,164.5667,78.57,69,8,3.42,clear sky
619,Road Town,VG,18.4167,-64.6167,78.89,77,87,20.78,overcast clouds
620,Sale,MA,34.0389,-6.8166,59.76,100,75,5.75,mist
621,Sembe,CG,1.6481,14.5806,72.73,95,100,1.66,overcast clouds
622,Gobabis,NA,-22.45,18.9667,69.64,41,36,1.59,scattered clouds
623,Gornopravdinsk,RU,60.05,69.9,30.31,71,100,12.68,overcast clouds
624,Aguimes,ES,27.9054,-15.4461,59.67,63,20,6.91,few clouds
625,Taksimo,RU,56.3444,114.8794,32.47,88,86,4.18,snow
626,Isla Vista,US,34.4133,-119.861,59.02,81,98,8.43,overcast clouds
627,Georgiyevka,KZ,43.0369,74.7114,64.44,42,0,11.18,clear sky
628,Saint-Denis,FR,48.9167,2.3333,43.14,90,0,9.22,clear sky
629,Beloha,MG,-25.1667,45.05,80.96,62,50,5.28,scattered clouds
630,Robore,BO,-18.3333,-59.75,66.9,90,100,1.83,overcast clouds
631,Esmeraldas,BR,-19.7625,-44.3139,70.11,93,59,2.89,broken clouds
632,Blackwater,AU,-23.5833,148.8833,89.1,14,1,18.1,clear sky
633,Strathmore,CA,51.0501,-113.3852,47.61,75,99,8.05,overcast clouds
634,Mega,ET,4.05,38.3,67.01,65,4,14.72,clear sky
635,Ilhabela,BR,-23.7781,-45.3581,71.85,90,98,1.28,overcast clouds
636,Shubarshi,KZ,48.5872,57.1869,46.98,61,95,21.09,overcast clouds
637,Conceicao Da Barra,BR,-18.5933,-39.7322,73.09,94,6,3.69,clear sky
638,Virginia Beach,US,36.8529,-75.978,49.01,92,100,0.0,overcast clouds
639,Touros,BR,-5.1989,-35.4608,76.62,91,100,7.07,overcast clouds
640,Cap-Aux-Meules,CA,47.3821,-61.8597,30.22,69,26,26.46,scattered clouds
641,Zalaszentgrot,HU,46.9447,17.0792,40.96,93,100,3.38,light rain
642,Vila Do Maio,CV,15.1333,-23.2167,72.39,80,100,16.69,overcast clouds
643,Udachnyy,RU,66.4167,112.4,-6.56,52,100,16.08,overcast clouds
644,Wagga Wagga,AU,-35.1167,147.3667,66.6,58,84,18.59,broken clouds
645,Orlik,RU,52.5178,99.825,39.06,56,80,6.51,broken clouds
646,Adre,TD,13.4667,22.2,79.5,12,39,12.03,scattered clouds
647,Mbaiki,CF,3.8678,17.9892,75.87,68,82,1.45,broken clouds
648,Pak Phanang,TH,8.3511,100.202,97.03,50,67,10.02,broken clouds
649,Tarazona,ES,41.9,-1.7333,39.02,51,100,2.04,overcast clouds
650,Chara,RU,56.9064,118.2631,37.9,78,95,1.43,overcast clouds
651,Ordzhonikidze,KZ,52.4411,61.7408,31.96,35,0,8.68,clear sky
652,Sarkand,KZ,45.41,79.9186,57.85,34,33,18.23,scattered clouds
653,Zwedru,LR,6.0667,-8.1281,72.61,99,91,1.54,overcast clouds
654,Chengde,CN,40.9725,117.9361,64.27,12,0,13.65,clear sky
655,Port-Gentil,GA,-0.7193,8.7815,80.56,94,40,2.3,thunderstorm
656,Gourdon,FR,44.75,1.5,36.55,83,36,3.89,scattered clouds
657,Mao,ES,39.8885,4.2658,46.96,93,0,3.44,clear sky
658,Grindavik,IS,63.8424,-22.4338,48.15,87,75,27.63,broken clouds
659,Santa Marta,CO,11.2408,-74.199,80.89,74,75,5.99,broken clouds
660,Diu,IN,20.7141,70.9822,91.22,34,16,8.21,few clouds
661,Port Macquarie,AU,-31.4333,152.9167,76.89,41,1,5.37,clear sky
662,Bonthe,SL,7.5264,-12.505,79.05,86,35,5.73,scattered clouds
663,Chambersburg,US,39.9376,-77.6611,44.85,55,100,1.01,overcast clouds
664,Hermiston,US,45.8404,-119.2895,53.42,78,100,13.8,overcast clouds
665,Talakan,RU,50.3167,130.3667,45.52,36,6,6.46,clear sky
666,Kachkanar,RU,58.7,59.4948,36.16,46,37,11.7,scattered clouds
667,Balkanabat,TM,39.5108,54.3671,66.65,40,0,4.56,clear sky
668,Raudeberg,NO,61.9875,5.1352,39.96,67,50,3.4,scattered clouds
669,Cassilandia,BR,-19.1133,-51.7342,68.88,96,100,1.97,overcast clouds
670,Minna,NG,9.6139,6.5569,80.65,59,100,4.27,overcast clouds
671,Heswall,GB,53.3273,-3.0965,46.92,82,28,5.99,scattered clouds
672,Mankono,CI,8.0586,-6.1897,73.27,92,100,4.03,overcast clouds
673,Waverley,ZA,-25.7023,28.2591,66.9,70,0,0.0,clear sky
674,Challans,FR,46.8436,-1.8749,43.0,86,16,10.98,few clouds
675,Erzurum,TR,40.0,41.5,31.68,67,94,20.24,overcast clouds
676,Borcea,RO,44.3333,27.75,48.88,67,77,3.87,broken clouds
677,Abnub,EG,27.2696,31.1511,70.02,10,0,5.5,clear sky
678,Jawhar,SO,2.7809,45.5005,86.49,52,40,11.86,scattered clouds
679,Ferme-Neuve,CA,46.7001,-75.4493,13.82,98,60,3.11,broken clouds
680,Ilheus,BR,-14.7889,-39.0494,69.8,100,30,1.68,scattered clouds
681,Khor,RU,47.8861,134.9464,44.08,23,1,6.17,clear sky
682,Majene,ID,-3.5403,118.9707,83.46,70,100,15.03,overcast clouds
683,Santa Isabel,BR,-23.3156,-46.2214,67.3,98,98,2.06,overcast clouds
684,Akyab,MM,20.15,92.9,85.64,49,14,12.03,few clouds
685,Nizwa,OM,22.9333,57.5333,82.15,20,82,5.5,broken clouds
686,Acarau,BR,-2.8856,-40.12,75.56,91,79,6.33,broken clouds
687,Banyo,CM,6.75,11.8167,71.31,72,95,1.32,overcast clouds
688,Semporna,MY,4.4818,118.6112,90.25,48,29,7.4,scattered clouds
689,Iberia,US,29.9502,-91.7507,57.27,94,100,5.75,heavy intensity rain
690,Benjamin Constant,BR,-4.3831,-70.0311,73.53,99,100,2.53,overcast clouds
691,Launceston,AU,-41.45,147.1667,58.8,58,100,16.11,overcast clouds
692,Taraz,KZ,42.9,71.3667,59.41,55,45,2.24,scattered clouds
693,Liverpool,GB,53.4106,-2.9779,43.29,79,22,5.99,few clouds
694,Ilam,NP,26.9167,87.9167,79.79,23,25,7.45,scattered clouds
695,Biltine,TD,14.5333,20.9167,86.59,9,87,19.01,overcast clouds
696,Batamshinskiy,KZ,50.5594,58.2747,34.23,50,54,20.62,broken clouds
697,Aykino,RU,62.2248,49.9922,32.68,78,21,5.55,few clouds
698,San Cristobal,VE,7.7669,-72.225,66.38,71,100,1.01,overcast clouds
699,Nishihara,JP,26.1842,127.7558,69.85,49,40,26.46,scattered clouds
700,Nicoya,CR,10.1483,-85.452,75.81,73,100,4.21,overcast clouds
701,Ocampo,MX,21.65,-101.5,55.83,50,3,3.56,clear sky
702,Morondava,MG,-20.2833,44.2833,79.79,76,99,4.43,overcast clouds
703,Ucluelet,CA,48.9329,-125.5528,46.09,87,100,4.0,overcast clouds
704,Porto Nacional,BR,-10.7081,-48.4172,75.2,95,99,2.19,overcast clouds
705,Karratha,AU,-20.7377,116.8463,93.45,34,37,13.76,scattered clouds
